sample,integrate_ns,proxies_ns,broadphase_ns,contacts_ns,solve_ns,pairs,contacts
0,5833,2459,2958,4458,354209,320,320
1,5750,2458,2834,4083,358000,320,320
2,5708,2458,2875,4334,356541,320,320
3,5750,2458,2834,4291,356459,320,320
4,5709,2458,2833,4375,356792,320,320
5,5666,2459,2833,4333,359292,320,320
6,5666,2459,2875,4333,355292,320,320
7,5792,2417,2833,4375,359542,320,320
8,5709,2458,2792,4125,359333,320,320
9,5791,2500,2875,4167,356583,320,320
10,5750,2458,2875,4292,354250,320,320
11,5792,2458,2792,4208,355375,320,320
12,5666,2500,2834,4291,367584,320,320
13,5750,2458,2833,4084,355666,320,320
14,5708,2459,2833,4333,354584,320,320
15,5833,2458,2792,4292,358791,320,320
16,5834,2416,2834,4333,356208,320,320
17,5792,2417,2833,4375,354375,320,320
18,5708,2459,2833,4375,353667,320,320
19,5708,2458,2834,4208,354042,320,320
20,5750,2459,2791,4250,354625,320,320
21,5750,2459,2833,4042,356083,320,320
22,5792,2458,2792,4208,354667,320,320
23,5709,2416,2834,4125,358958,320,320
24,5708,2417,2833,4208,358500,320,320
25,5750,2458,2834,3958,356000,320,320
26,5667,2416,2834,4166,354417,320,320
27,5708,2459,2833,4042,356291,320,320
28,5750,2459,2791,4167,358417,320,320
29,5667,2458,2834,4125,355125,320,320
30,5666,2459,2833,4208,352625,320,320
31,5708,2417,2875,4167,358000,320,320
32,5667,2417,2791,4209,358041,320,320
33,5750,2459,2833,4083,359167,320,320
34,5708,2459,2833,4125,353292,320,320
35,5750,2458,2792,4166,354584,320,320
36,5833,2417,2833,4167,355250,320,320
37,5709,2458,2833,4334,356583,320,320
38,5792,2458,2833,4125,355250,320,320
39,5709,2458,2833,4292,361708,320,320
40,5833,2459,2875,4458,371917,320,320
41,5958,2583,3000,4584,371791,320,320
42,5875,2584,3041,4459,375666,320,320
43,5875,2459,2958,4292,367250,320,320
44,5750,2459,2958,4250,358917,320,320
45,5667,2458,2792,4375,353167,320,320
46,5667,2458,2834,4208,354542,320,320
47,5709,2458,2958,4209,353958,320,320
48,5750,2458,2834,4375,356291,320,320
49,5708,2417,2917,4333,355083,320,320
50,5750,2459,2833,4125,355667,320,320
51,5750,2458,2792,4166,355834,320,320
52,5709,2458,2792,4208,356292,320,320
53,5750,2542,2792,4125,355000,320,320
54,5750,2416,2834,4166,359334,320,320
55,5750,2500,2833,4292,354541,320,320
56,5667,2458,2833,4417,358167,320,320
57,5833,2542,2791,4084,356083,320,320
58,5625,2458,2833,4334,354500,320,320
59,5709,2416,2875,4042,355875,320,320
60,5666,2500,2834,4333,355750,320,320
61,5750,2458,2875,4333,355834,320,320
62,5750,2458,2833,4417,355792,320,320
63,5750,2417,2833,4250,355584,320,320
64,5667,2458,2834,4250,355583,320,320
65,5708,2459,2833,4250,356750,320,320
66,5750,2500,2833,4083,358875,320,320
67,5750,2458,2834,4333,353458,320,320
68,5750,2459,2791,4292,355625,320,320
69,5708,2459,2833,4167,356208,320,320
70,5708,2417,2833,4125,355250,320,320
71,5709,2458,2792,4375,354625,320,320
72,5708,2458,2834,4166,357709,320,320
73,5709,2458,2833,4375,356209,320,320
74,5709,2458,2792,4250,355625,320,320
75,5708,2458,2834,4375,357416,320,320
76,5750,2459,2833,4083,356417,320,320
77,5666,2459,2833,4292,354708,320,320
78,5750,2416,2834,4291,354375,320,320
79,5708,2459,2833,4125,356417,320,320
80,5708,2458,2834,4333,355000,320,320
81,5792,2458,2792,4208,355042,320,320
82,5708,2458,2792,4333,356084,320,320
83,5791,2459,2791,4292,354083,320,320
84,5792,2458,2792,4125,353500,320,320
85,5667,2458,2834,4416,355000,320,320
86,5750,2417,2833,4292,354375,320,320
87,5709,2458,2792,4250,355208,320,320
88,5792,2458,2833,4417,355625,320,320
89,5750,2458,2792,4125,353583,320,320
90,5709,2416,2834,4125,356875,320,320
91,5750,2417,2833,4084,356000,320,320
92,5750,2459,2791,4250,357125,320,320
93,5792,2417,2875,4291,354750,320,320
94,5750,2500,2834,4458,355125,320,320
95,5750,2417,2833,4417,352458,320,320
96,5666,2542,2792,4333,356708,320,320
97,5750,2458,2792,4375,353750,320,320
98,5666,2459,2833,4375,359125,320,320
99,5792,2458,2792,4291,354250,320,320
100,5709,2458,2875,4208,359084,320,320
101,5750,2459,2791,4209,355166,320,320
102,5667,2416,2834,4500,353791,320,320
103,5667,2458,2792,4333,357125,320,320
104,5833,2500,2917,4292,354208,320,320
105,5750,2458,2834,4083,355333,320,320
106,5750,2417,2833,4292,354750,320,320
107,5833,2417,2833,4292,353458,320,320
108,5792,2458,2792,4208,358333,320,320
109,5667,2458,2833,4375,355500,320,320
110,5750,2459,2833,4292,354916,320,320
111,5750,2458,2834,4125,354291,320,320
112,5708,2459,2791,4292,353417,320,320
113,5750,2417,2833,4167,364917,320,320
114,5833,2417,2833,4292,356750,320,320
115,5750,2459,2833,4375,358500,320,320
116,5750,2417,2833,4125,354500,320,320
117,5750,2417,2833,4167,356750,320,320
118,5708,2458,2834,4250,357583,320,320
119,5750,2458,2792,4166,356500,320,320
120,5708,2459,2833,4333,357500,320,320
121,5667,2458,2833,4125,354667,320,320
122,5708,2458,2834,4250,354916,320,320
123,5750,2458,2792,4375,356333,320,320
124,5667,2500,2833,4292,355750,320,320
125,5709,2416,2834,4333,359417,320,320
126,5708,2458,2792,4167,357333,320,320
127,5667,2458,2833,4334,356791,320,320
128,5709,2416,2875,4334,354166,320,320
129,5709,2416,2875,4250,355625,320,320
130,5750,2542,2792,4333,355375,320,320
131,5666,2459,2833,4292,354458,320,320
132,5708,2459,2833,4250,353333,320,320
133,5750,2459,2833,4250,354708,320,320
134,5708,2417,2833,4209,356000,320,320
135,5750,2417,2833,4125,354292,320,320
136,5666,2459,2833,4042,352958,320,320
137,5708,2417,2875,4167,359958,320,320
138,5666,2417,2833,4334,358083,320,320
139,5833,2417,2833,4125,354833,320,320
140,5625,2458,2875,4250,356709,320,320
141,5709,2458,2833,4334,354166,320,320
142,5750,2459,2875,4125,357291,320,320
143,5792,2416,2834,4083,356542,320,320
144,5750,2458,2833,4292,359125,320,320
145,5750,2458,2792,4333,355500,320,320
146,5667,2458,2833,4125,359250,320,320
147,5667,2458,2834,4416,357709,320,320
148,5708,2458,2834,4250,358208,320,320
149,5708,2459,2833,4250,358000,320,320
150,5750,2417,2833,4375,354042,320,320
151,5791,2417,2833,4250,356875,320,320
152,5834,2416,2875,4250,355292,320,320
153,5750,2458,2833,4375,355125,320,320
154,5792,2416,2875,4292,357458,320,320
155,5750,2459,2791,4292,362583,320,320
156,5750,2459,2833,4000,359458,320,320
157,5750,2417,2875,4250,357041,320,320
158,5750,2458,2834,4083,354333,320,320
159,5792,2458,2834,4333,357083,320,320
160,5708,2459,2833,4042,354416,320,320
161,5709,2416,2834,4083,358167,320,320
162,5667,2458,2875,4042,354417,320,320
163,5666,2459,2791,4042,360250,320,320
164,5833,2459,2833,4292,354958,320,320
165,5750,2458,2833,4042,352208,320,320
166,5792,2458,2834,4333,353083,320,320
167,5667,2458,2833,4084,354166,320,320
168,5708,2417,2833,4375,354834,320,320
169,5791,2459,2791,4125,357959,320,320
170,5667,2458,2834,4041,356667,320,320
171,5708,2459,2833,4292,356833,320,320
172,5708,2458,2834,4083,353375,320,320
173,5750,2458,2834,4083,357167,320,320
174,5667,2458,2834,4125,354083,320,320
175,5708,2459,2791,4167,354167,320,320
176,5833,2458,2792,4250,358667,320,320
177,5667,2458,2834,4166,355667,320,320
178,5833,2417,2916,4209,352500,320,320
179,5750,2416,2834,4208,357458,320,320
180,5708,2417,2833,4375,353459,320,320
181,5750,2541,2875,4042,360708,320,320
182,5792,2458,2834,4250,355166,320,320
183,5708,2459,2791,4125,354875,320,320
184,5667,2458,2833,4125,355000,320,320
185,5834,2458,2917,4208,364958,320,320
186,5875,2542,2833,4292,355666,320,320
187,5750,2417,2792,4458,357750,320,320
188,5708,2417,2833,4125,360084,320,320
189,5750,2417,2917,4208,354958,320,320
190,5750,2459,2791,4334,354500,320,320
191,5750,2416,2834,4125,354875,320,320
192,5667,2417,2791,4250,361000,320,320
193,5584,2458,2833,4209,356083,320,320
194,5708,2458,2834,4083,354375,320,320
195,5708,2458,2834,4250,354875,320,320
196,5791,2459,2833,4333,355792,320,320
197,5750,2458,2833,4209,353125,320,320
198,5708,2417,2833,4333,354917,320,320
199,5791,2500,2834,4375,355125,320,320
200,5666,2417,2833,4375,356167,320,320
201,5666,2500,2875,4084,355166,320,320
202,5625,2542,2833,4333,356209,320,320
203,5750,2541,2792,4250,354792,320,320
204,5625,2458,2833,4250,356209,320,320
205,5708,2458,2834,4250,356333,320,320
206,5750,2416,2834,4083,353750,320,320
207,5625,2416,2875,4167,355458,320,320
208,5709,2458,2833,4167,358292,320,320
209,5750,2416,2875,4167,354750,320,320
210,5666,2459,2833,4042,355000,320,320
211,5667,2417,2875,4166,355125,320,320
212,5667,2541,2917,4292,358833,320,320
213,5833,2459,2833,4417,353750,320,320
214,5750,2458,2833,4542,355792,320,320
215,5709,2458,2792,4208,356542,320,320
216,5791,2459,2833,4333,353209,320,320
217,5791,2459,2833,4292,353250,320,320
218,5875,2416,2917,4083,355959,320,320
219,5792,2458,2834,4166,354625,320,320
220,5625,2458,2834,4041,356500,320,320
221,5708,2459,2833,4125,354083,320,320
222,5792,2458,2917,4417,354750,320,320
223,5708,2458,2834,4291,355084,320,320
224,5709,2458,2833,4292,358458,320,320
225,5750,2417,2791,4084,357000,320,320
226,5709,2416,2875,4292,353708,320,320
227,5709,2458,2833,4250,353250,320,320
228,5708,2500,2834,4458,354708,320,320
229,5709,2458,2833,4375,354500,320,320
230,5792,2417,2833,4333,353584,320,320
231,5708,2417,2833,4083,356042,320,320
232,5708,2459,2791,4334,355291,320,320
233,5750,2417,2833,7417,360417,320,320
234,5709,2458,2833,4042,356583,320,320
235,5709,2416,2834,4250,354708,320,320
236,5750,2417,2875,4291,353917,320,320
237,5750,2458,2875,4250,354708,320,320
238,5709,2416,2834,4291,362584,320,320
239,5750,2458,2833,4417,358500,320,320
240,5708,2459,2916,4250,354459,320,320
241,5750,2416,2834,4291,355834,320,320
242,5750,2541,2792,4375,358958,320,320
243,5709,2458,2958,4334,356541,320,320
244,5834,2541,2875,4084,357375,320,320
245,5667,2458,2834,4291,355167,320,320
246,5708,2458,2834,4125,356791,320,320
247,5792,2500,2833,4167,352458,320,320
248,5708,2459,2791,4292,355042,320,320
249,5667,2458,2875,4125,356459,320,320
250,5708,2458,2834,4291,352584,320,320
251,5833,2458,2834,4125,354875,320,320
252,5750,2458,2833,4084,354416,320,320
253,5708,2459,2833,4167,357958,320,320
254,5750,2458,2834,4083,356292,320,320
255,5667,2458,2792,4208,356167,320,320
256,5708,2459,2833,4125,353667,320,320
257,5709,2458,2833,4250,354250,320,320
258,5750,2417,2833,4208,356167,320,320
259,5667,2458,2833,4167,354750,320,320
260,5750,2417,2833,4333,354750,320,320
261,5667,2458,2833,4209,356125,320,320
262,5750,2458,2833,4334,354958,320,320
263,5708,2417,2833,4125,357792,320,320
264,5708,2459,2833,4333,355417,320,320
265,5708,2459,2833,4417,364916,320,320
266,5792,2458,2834,4166,354375,320,320
267,5792,2416,2917,4375,357958,320,320
268,5708,2417,2833,4375,358500,320,320
269,5709,2458,2833,4209,353958,320,320
270,5708,2542,2833,4125,354584,320,320
271,5708,2458,2834,4208,356583,320,320
272,5750,2417,2833,4417,355541,320,320
273,5709,2458,2875,4333,354167,320,320
274,5750,2458,2834,4375,354125,320,320
275,5666,2542,2833,4250,355917,320,320
276,5750,2417,2833,4333,354209,320,320
277,5708,2458,2834,4375,354125,320,320
278,5792,2458,2834,4458,354417,320,320
279,5750,2458,2833,4292,357625,320,320
280,5708,2458,2834,4375,353291,320,320
281,5792,2458,2875,4292,354958,320,320
282,5750,2459,2833,4333,356709,320,320
283,5791,2542,2833,4167,357625,320,320
284,5708,2458,2834,4333,358333,320,320
285,5750,2458,2834,4208,353917,320,320
286,5791,2417,2833,4334,357000,320,320
287,5709,2416,2834,4166,354167,320,320
288,5833,2500,2833,4417,355875,320,320
289,5708,2458,2834,4375,355083,320,320
290,5708,2458,2792,4167,356333,320,320
291,5750,2416,2834,4250,357583,320,320
292,5708,2458,2834,4291,354500,320,320
293,5834,2416,2875,4292,354500,320,320
294,5708,2459,2833,4375,355417,320,320
295,5709,2416,2959,4250,357375,320,320
296,5709,2458,2833,4334,355250,320,320
297,5625,2458,2833,4375,353709,320,320
298,5834,2458,2917,4208,355292,320,320
299,5750,2458,2833,4125,360084,320,320
300,5750,2458,2917,4333,356708,320,320
301,5750,2542,2833,4125,358125,320,320
302,5708,2459,2791,4334,356916,320,320
303,5709,2458,2792,4166,355417,320,320
304,5708,2459,2875,4333,357167,320,320
305,5709,2541,2917,4333,354209,320,320
306,5791,2417,2833,4334,353750,320,320
307,5709,2458,2833,4334,358333,320,320
308,5750,2417,2833,4167,362166,320,320
309,5667,2458,2875,4417,358125,320,320
310,5750,2417,2833,4417,356083,320,320
311,5750,2417,2833,4292,353125,320,320
312,5708,2542,2875,4125,367416,320,320
313,6208,3084,3708,5333,365917,320,320
314,5833,2542,2875,4541,355667,320,320
315,5666,2459,2833,4417,355166,320,320
316,5667,2458,2875,4417,355416,320,320
317,5708,2459,2833,4250,354292,320,320
318,5708,2458,2875,4459,354000,320,320
319,5667,2458,2792,4333,353709,320,320
320,5792,2458,2875,4125,355584,320,320
321,5750,2541,2792,4292,353625,320,320
322,5709,2458,2792,4333,353917,320,320
323,5708,2542,2833,4125,354542,320,320
324,5625,2459,2833,4333,353834,320,320
325,5709,2458,2792,4416,355250,320,320
326,5792,2417,2916,4084,355166,320,320
327,5792,2417,2875,4250,355333,320,320
328,5708,2500,2833,4209,356666,320,320
329,5750,2417,2833,4250,358292,320,320
330,5750,2459,2791,4459,368416,320,320
331,5875,2500,2834,4250,356750,320,320
332,5750,2500,2833,4375,355542,320,320
333,5708,2458,2792,4333,354417,320,320
334,5625,2458,2875,4167,357125,320,320
335,5791,2375,2875,4334,355916,320,320
336,5709,2458,2792,4416,356250,320,320
337,5750,2459,2791,4292,359167,320,320
338,5750,2458,2792,4416,355750,320,320
339,5708,2459,2875,4333,355125,320,320
340,5750,2500,2875,4333,357209,320,320
341,5834,2458,2875,4167,368250,320,320
342,5750,2500,2834,4291,354417,320,320
343,5750,2500,2833,4209,357708,320,320
344,5750,2416,2875,4334,354125,320,320
345,5750,2459,2833,4375,354292,320,320
346,5791,2459,2833,4292,359458,320,320
347,5708,2458,2792,4292,355875,320,320
348,5750,2458,2875,4333,354292,320,320
349,5750,2500,2833,4292,353583,320,320
350,5708,2459,2833,4333,353542,320,320
351,5750,2500,2833,4167,362292,320,320
352,5792,2458,2834,4333,355667,320,320
353,5709,2416,2834,4375,355000,320,320
354,5709,2458,2792,4166,356834,320,320
355,5792,2458,2792,4208,360167,320,320
356,5833,2500,2917,4167,358875,320,320
357,5834,2500,2875,4375,368416,320,320
358,5834,2500,2875,4208,364208,320,320
359,5792,2500,2833,4417,368041,320,320
360,5834,2500,2875,4416,360000,320,320
361,5833,2500,2959,4333,360708,320,320
362,5875,2500,2875,4667,402750,320,320
363,6291,2709,3291,4459,363916,320,320
364,5834,2500,2875,4166,358917,320,320
365,5833,2542,2875,4500,369792,320,320
366,5875,3041,3584,5583,365458,320,320
367,5709,2458,2917,4291,356667,320,320
368,5750,2458,2792,4167,355541,320,320
369,5750,2417,2833,4250,357917,320,320
370,5792,2458,2792,4333,359542,320,320
371,5709,2458,2833,4417,355042,320,320
372,5750,2417,2833,4375,354167,320,320
373,5666,2459,2875,4166,359750,320,320
374,5750,2459,2833,4167,354541,320,320
375,5709,2458,2792,4416,353709,320,320
376,5875,2416,2875,4250,354167,320,320
377,5750,2458,2834,4333,354500,320,320
378,5667,2458,2958,4417,354833,320,320
379,5750,2458,2792,4125,357875,320,320
380,5625,2458,2833,4334,353625,320,320
381,5666,2459,2833,4167,353708,320,320
382,5750,2417,2833,4083,355209,320,320
383,5625,2417,2875,4167,355416,320,320
384,5709,2458,2833,4292,359167,320,320
385,5750,2458,2833,4209,354833,320,320
386,5708,2417,2833,4125,355417,320,320
387,5709,2416,2834,4333,356708,320,320
388,5792,2416,2834,4333,354042,320,320
389,5750,2459,2833,4167,355583,320,320
390,5750,2500,2833,4250,355458,320,320
391,5792,2458,2834,4083,357125,320,320
392,5750,2458,2833,4334,354541,320,320
393,5709,2458,2833,4167,353708,320,320
394,5708,2417,2833,4334,355458,320,320
395,5750,2417,2833,4292,353541,320,320
396,5792,2417,2875,4291,356584,320,320
397,5750,2417,2792,4166,356167,320,320
398,5792,2458,2833,4292,354875,320,320
399,5750,2458,2834,4125,354041,320,320
400,5708,2459,2833,4083,354000,320,320
401,5708,2459,2791,4125,355792,320,320
402,5791,2834,3583,5417,360750,320,320
403,5791,2417,2917,4250,354458,320,320
404,5667,2458,2833,4167,358750,320,320
405,5625,2458,2875,4125,356750,320,320
406,5791,2417,2875,4333,367500,320,320
407,7292,3167,3541,4625,369792,320,320
408,5750,2458,2875,4250,367792,320,320
409,5667,2458,2833,4459,356666,320,320
410,5792,2458,2792,4333,352792,320,320
411,5708,2459,2875,4083,359667,320,320
412,5750,2541,2792,4292,354416,320,320
413,5750,2417,2833,4125,355000,320,320
414,5709,2458,2833,4334,357250,320,320
415,5667,2458,2834,4291,359292,320,320
416,5750,2458,2834,4083,357375,320,320
417,5750,2458,2792,4375,355750,320,320
418,5708,2458,2834,4291,356625,320,320
419,5625,2417,2833,4292,368708,320,320
420,5750,2458,2833,4292,360375,320,320
421,5708,2458,2792,4292,355041,320,320
422,5792,2417,2833,4083,358667,320,320
423,5750,2541,2834,4416,357625,320,320
424,5708,2417,2833,4250,356042,320,320
425,5750,2417,2958,4250,359750,320,320
426,5667,2458,2792,4166,355500,320,320
427,5750,2417,2833,4375,352375,320,320
428,5666,2459,2833,4167,354875,320,320
429,5791,2459,2833,4292,352375,320,320
430,5708,2458,2834,4416,356500,320,320
431,5750,2458,2792,4250,356042,320,320
432,5709,2458,2833,4375,364667,320,320
433,5875,2542,2833,4125,357458,320,320
434,5750,2417,2833,4334,357833,320,320
435,5708,2459,2916,4250,355000,320,320
436,5667,2417,2916,4125,354417,320,320
437,5708,2500,2792,4000,353458,320,320
438,5750,2458,2834,4291,357500,320,320
439,5708,2417,2875,4250,356583,320,320
440,5834,2500,2875,4375,356833,320,320
441,5750,2458,2834,4041,357667,320,320
442,5750,2458,2792,4375,357375,320,320
443,5708,2458,2792,4125,354417,320,320
444,5709,2458,2792,4083,354875,320,320
445,5750,2458,2834,4083,359333,320,320
446,5750,2417,2833,4417,358333,320,320
447,5750,2417,2791,4417,357375,320,320
448,5667,2458,2833,4250,357209,320,320
449,5709,2458,2833,4000,355917,320,320
450,5666,2459,2833,4292,356916,320,320
451,5708,2417,2833,4209,355125,320,320
452,5791,2417,2917,4250,356375,320,320
453,5709,2416,2834,4083,351875,320,320
454,5708,2417,2791,4334,354291,320,320
455,5667,2458,2792,4375,357458,320,320
456,5834,2458,2792,4291,363125,320,320
457,5750,2459,2833,4208,355792,320,320
458,5666,2459,2875,4083,353667,320,320
459,5709,2458,2833,4459,358208,320,320
460,5750,2458,2833,4334,356791,320,320
461,5750,2500,2833,4209,357458,320,320
462,5708,2459,2833,4042,359041,320,320
463,5750,2417,2833,4125,357084,320,320
464,5750,2458,2833,4084,356125,320,320
465,5791,2459,2833,4250,360875,320,320
466,5750,2458,2792,4125,355083,320,320
467,5750,2459,2791,4167,354542,320,320
468,5708,2417,2875,4375,356875,320,320
469,5750,2458,2833,4167,356042,320,320
470,5750,2542,2833,4375,354459,320,320
471,5833,2458,2792,4167,356416,320,320
472,5709,2416,2959,4041,352500,320,320
473,5792,2458,2833,4125,354375,320,320
474,5709,2416,2834,4458,355292,320,320
475,5750,2458,2833,4375,352959,320,320
476,5833,2458,2792,4250,356292,320,320
477,5584,2458,2833,4250,355417,320,320
478,5792,2416,2834,4333,353750,320,320
479,5708,2542,2833,4083,355000,320,320
480,5750,2417,2917,4291,357667,320,320
481,5792,2458,2833,4209,358333,320,320
482,5666,2417,2833,4334,356791,320,320
483,5708,2459,2833,4167,357375,320,320
484,5750,2417,2875,4333,354834,320,320
485,5709,2416,2834,4083,355958,320,320
486,5625,2458,2834,4333,356792,320,320
487,5750,2459,2791,4125,354459,320,320
488,5667,2417,2916,4042,357958,320,320
489,5792,2416,2834,4250,360416,320,320
490,5750,2417,2833,4334,354875,320,320
491,5791,2459,2875,4250,353708,320,320
492,5750,2458,2834,4250,355833,320,320
493,5708,2500,2917,3958,359250,320,320
494,5750,2417,2833,4083,354459,320,320
495,5875,2458,2833,4042,354833,320,320
496,5750,2417,2833,4084,360791,320,320
497,5709,2458,2833,4042,358375,320,320
498,5708,2417,2875,4416,355500,320,320
499,5708,2459,2833,4375,355917,320,320
500,5791,2459,2833,4125,356667,320,320
501,5791,2500,2834,4083,355708,320,320
502,5709,2458,2833,4334,358333,320,320
503,5666,2459,2833,4042,360750,320,320
504,5792,2458,2834,4375,360583,320,320
505,5833,2458,2834,4125,354333,320,320
506,5791,2459,2833,4375,353125,320,320
507,5750,2416,2834,4375,354458,320,320
508,5750,2458,2833,4167,354167,320,320
509,5709,2458,2875,4042,353291,320,320
510,5834,2458,2875,4292,357583,320,320
511,5791,2459,2833,4250,358958,320,320
512,5709,2458,2833,4334,354041,320,320
513,5750,2459,2833,4333,353667,320,320
514,5750,2458,2792,3958,364708,320,320
515,5708,2459,2833,4292,358333,320,320
516,5750,2417,2833,4083,351292,320,320
517,5708,2417,2833,4083,354917,320,320
518,5750,2458,2792,4375,355708,320,320
519,5667,2416,2875,4250,354000,320,320
520,5667,2458,2834,4250,354875,320,320
521,5709,2458,2833,4167,354708,320,320
522,5709,2458,2792,4083,353833,320,320
523,5708,2417,2875,4167,358750,320,320
524,5709,2416,2834,4291,356750,320,320
525,5709,2458,2833,4084,355416,320,320
526,5750,2417,2833,4375,357084,320,320
527,5750,2416,2834,4333,355750,320,320
528,5708,2459,2833,4125,355250,320,320
529,5708,2458,2834,4291,355500,320,320
530,5750,2459,2833,4375,360167,320,320
531,5792,2417,2833,4250,352958,320,320
532,5834,2458,2792,4333,354000,320,320
533,5708,2459,2791,4209,353208,320,320
534,5708,2458,2834,4333,355583,320,320
535,5750,2542,2833,4125,356625,320,320
536,5708,2458,2834,4208,356208,320,320
537,5750,2417,2833,4042,359042,320,320
538,5750,2459,2791,4250,357917,320,320
539,5750,2458,2792,4417,354333,320,320
540,5708,2458,2792,4250,356750,320,320
541,5750,2458,2833,4084,354208,320,320
542,5708,2458,2834,4250,354541,320,320
543,5708,2417,2917,4208,355042,320,320
544,5708,2458,2834,4291,356250,320,320
545,5750,2417,2875,4292,353375,320,320
546,5708,2500,2833,4209,356791,320,320
547,5750,2417,2833,4125,352417,320,320
548,5791,2459,2875,4291,356709,320,320
549,5791,2459,2833,4250,353500,320,320
550,5917,2458,2833,4292,357583,320,320
551,5708,2459,2875,4041,355625,320,320
552,5708,2417,2875,4333,353875,320,320
553,5750,2459,2833,4292,356500,320,320
554,5667,2458,2834,4041,355750,320,320
555,5750,2458,2834,4375,358791,320,320
556,5667,2458,2834,4291,355500,320,320
557,5750,2459,2833,4208,358542,320,320
558,5750,2458,2792,4333,353875,320,320
559,5834,2458,2792,4375,355333,320,320
560,5708,2417,2875,4292,355750,320,320
561,5708,2458,2834,4083,353167,320,320
562,5750,2459,2791,4209,352708,320,320
563,5791,2417,2833,4334,356791,320,320
564,5708,2417,2833,4334,353791,320,320
565,5834,2416,2834,4125,356583,320,320
566,5708,2459,2833,4167,353916,320,320
567,5667,2458,2792,4250,355666,320,320
568,5708,2459,2833,4125,357125,320,320
569,5792,2500,2833,4125,355542,320,320
570,5709,2458,2833,4334,354583,320,320
571,5792,2416,2834,4291,359000,320,320
572,5667,2458,2833,4167,357625,320,320
573,5791,2500,2875,4250,353625,320,320
574,5709,2416,2875,4375,353084,320,320
575,5750,2458,2833,4125,352834,320,320
576,5750,2458,2833,4334,353166,320,320
577,5708,2459,2791,4459,369666,320,320
578,6084,2583,3875,4542,356208,320,320
579,5708,2458,3042,4292,361791,320,320
580,6417,3083,3625,5125,364833,320,320
581,5750,2417,2875,4250,364625,320,320
582,5750,2542,2833,4209,367375,320,320
583,5709,2500,2875,4458,359875,320,320
584,5792,2500,2833,4208,359167,320,320
585,5833,2459,2875,4375,364666,320,320
586,5875,2500,2958,4250,364875,320,320
587,5917,2500,3000,4416,365417,320,320
588,5916,2500,3000,4542,363000,320,320
589,5833,2584,2958,4292,363750,320,320
590,5791,2500,2875,4459,358458,320,320
591,5833,2458,2875,4375,362375,320,320
592,5833,2459,2875,4500,361083,320,320
593,5916,2459,2875,4166,358584,320,320
594,5750,2459,2916,4209,370208,320,320
595,5750,2417,2916,4167,355250,320,320
596,5708,2458,2959,4375,354541,320,320
597,5750,2542,2875,4125,357333,320,320
598,5792,2416,2917,4333,355292,320,320
599,5666,2459,2833,4125,354875,320,320
